{
  "paths": 500,
  "seed_start": 50000,
  "horizon_weeks": 52,
  "baseline": {
    "average_weekly_demand_tons": 12000.0,
    "supplier_annual_capacity_tons": {
      "LA": 1500000.0,
      "CA": 2500000.0,
      "RU": 3000000.0,
      "JO": 2000000.0
    },
    "supplier_base_fob_usd_per_ton": {
      "LA": 315.0,
      "CA": 360.0,
      "RU": 330.0,
      "JO": 318.0
    },
    "supplier_base_risk": {
      "LA": 0.04,
      "CA": 0.08,
      "RU": 0.1,
      "JO": 0.075
    },
    "route_lead_weeks": {
      "LA_MH": 2,
      "CA_ZJ": 4,
      "CA_FCG": 5,
      "RU_ZJ": 4,
      "RU_MZL": 2,
      "JO_LYG": 4,
      "JO_ZJ": 5
    },
    "route_weekly_capacity_tons": {
      "LA_MH": 12000.0,
      "CA_ZJ": 10000.0,
      "CA_FCG": 6500.0,
      "RU_ZJ": 9000.0,
      "RU_MZL": 6500.0,
      "JO_LYG": 8000.0,
      "JO_ZJ": 5500.0
    },
    "route_base_risk": {
      "LA_MH": 0.08,
      "CA_ZJ": 0.12,
      "CA_FCG": 0.08,
      "RU_ZJ": 0.12,
      "RU_MZL": 0.07,
      "JO_LYG": 0.18,
      "JO_ZJ": 0.2
    }
  },
  "generated_moments": {
    "annual_demand_tons": {
      "mean": 1180345.2760035747,
      "std": 29706.721718812743,
      "p05": 1131216.1333779711,
      "p50": 1179750.9905432998,
      "p95": 1228467.3385496615
    },
    "weekly_demand_mean_tons": {
      "mean": 22698.947615453362,
      "std": 571.2831099771681,
      "p05": 21754.156411114825,
      "p50": 22687.519048909613,
      "p95": 23624.371895185795
    },
    "pooled_weekly_demand_tons": {
      "mean": 22698.947615453362,
      "std": 10758.229628835834,
      "p05": 11200.624308458448,
      "p50": 16817.115193628502,
      "p95": 40513.892082817554
    },
    "weekly_demand_cv": {
      "mean": 0.47672524324926197,
      "std": 0.021543224710659014,
      "p05": 0.4413376287271974,
      "p50": 0.4778350959112846,
      "p95": 0.5112174321128627
    },
    "spot_price_annual_mean_usd_per_ton": {
      "LA": {
        "mean": 367.4068610491612,
        "std": 5.4524513333375975,
        "p05": 358.4892195848693,
        "p50": 367.2338496029141,
        "p95": 376.2438050991833
      },
      "CA": {
        "mean": 413.8863944806023,
        "std": 5.915400222147954,
        "p05": 404.79884033614877,
        "p50": 413.8164802730021,
        "p95": 423.9458354805503
      },
      "RU": {
        "mean": 381.9499986442545,
        "std": 5.77692050258074,
        "p05": 372.9002397308539,
        "p50": 381.88737690131273,
        "p95": 391.95049500383266
      },
      "JO": {
        "mean": 371.40649560753,
        "std": 5.546677557759982,
        "p05": 363.10563519975904,
        "p50": 371.31263233397374,
        "p95": 380.35845994204107
      }
    },
    "spot_price_within_year_std_usd_per_ton": {
      "LA": {
        "mean": 18.656547811696385,
        "std": 3.3876664524190403,
        "p05": 13.552005803159691,
        "p50": 18.42461267977472,
        "p95": 24.67354996078176
      },
      "CA": {
        "mean": 19.360310952577287,
        "std": 3.7045111126937944,
        "p05": 13.477349840101663,
        "p50": 19.216498312842667,
        "p95": 25.502423007444804
      },
      "RU": {
        "mean": 19.332456725152763,
        "std": 3.5616770583837876,
        "p05": 13.909104429936713,
        "p50": 19.311448875942993,
        "p95": 25.36394410259395
      },
      "JO": {
        "mean": 18.777675852676847,
        "std": 3.491782601774979,
        "p05": 13.384944408166225,
        "p50": 18.611579468440347,
        "p95": 24.52908613425384
      }
    },
    "supplier_disrupted_week_share": {
      "LA": {
        "mean": 0.18553846153846154,
        "std": 0.05768619257453064,
        "p05": 0.09615384615384616,
        "p50": 0.19230769230769232,
        "p95": 0.28846153846153844
      },
      "CA": {
        "mean": 0.28669230769230775,
        "std": 0.0677522699936394,
        "p05": 0.17307692307692307,
        "p50": 0.28846153846153844,
        "p95": 0.40384615384615385
      },
      "RU": {
        "mean": 0.2474230769230769,
        "std": 0.0664169070883992,
        "p05": 0.1346153846153846,
        "p50": 0.25,
        "p95": 0.36538461538461536
      },
      "JO": {
        "mean": 0.23876923076923076,
        "std": 0.06232654007372772,
        "p05": 0.1346153846153846,
        "p50": 0.23076923076923078,
        "p95": 0.34615384615384615
      }
    },
    "gateway_disrupted_week_share": {
      "ZJ": {
        "mean": 0.4441538461538462,
        "std": 0.07783009270638856,
        "p05": 0.3269230769230769,
        "p50": 0.4423076923076923,
        "p95": 0.5769230769230769
      },
      "FCG": {
        "mean": 0.3004230769230769,
        "std": 0.0697773479656731,
        "p05": 0.19230769230769232,
        "p50": 0.3076923076923077,
        "p95": 0.4230769230769231
      },
      "MH": {
        "mean": 0.26303846153846155,
        "std": 0.06278672476847925,
        "p05": 0.15384615384615385,
        "p50": 0.2692307692307692,
        "p95": 0.38461538461538464
      },
      "LYG": {
        "mean": 0.32719230769230767,
        "std": 0.07518314115258254,
        "p05": 0.21153846153846154,
        "p50": 0.3269230769230769,
        "p95": 0.4423076923076923
      },
      "MZL": {
        "mean": 0.234,
        "std": 0.06370502081551885,
        "p05": 0.1346153846153846,
        "p50": 0.23076923076923078,
        "p95": 0.34615384615384615
      }
    },
    "route_delayed_week_share": {
      "LA_MH": {
        "mean": 0.4200384615384615,
        "std": 0.07185454858465544,
        "p05": 0.3076923076923077,
        "p50": 0.4230769230769231,
        "p95": 0.5384615384615384
      },
      "CA_ZJ": {
        "mean": 0.6143461538461538,
        "std": 0.07250666932714346,
        "p05": 0.5,
        "p50": 0.6153846153846154,
        "p95": 0.7307692307692307
      },
      "CA_FCG": {
        "mean": 0.3283461538461538,
        "std": 0.06922660479398855,
        "p05": 0.22980769230769238,
        "p50": 0.3269230769230769,
        "p95": 0.44326923076922986
      },
      "RU_ZJ": {
        "mean": 0.592,
        "std": 0.0780548770153192,
        "p05": 0.46153846153846156,
        "p50": 0.5961538461538461,
        "p95": 0.7115384615384616
      },
      "RU_MZL": {
        "mean": 0.2651538461538462,
        "std": 0.06568479954378835,
        "p05": 0.15384615384615385,
        "p50": 0.2692307692307692,
        "p95": 0.38461538461538464
      },
      "JO_LYG": {
        "mean": 0.5011538461538462,
        "std": 0.07608121878382508,
        "p05": 0.38365384615384623,
        "p50": 0.5,
        "p95": 0.6153846153846154
      },
      "JO_ZJ": {
        "mean": 0.4663461538461538,
        "std": 0.07641922042340883,
        "p05": 0.34615384615384615,
        "p50": 0.46153846153846156,
        "p95": 0.5961538461538461
      }
    },
    "route_positive_delay_weeks": {
      "LA_MH": {
        "mean": 1.58593535390532,
        "std": 0.8768282663332727,
        "p05": 1.0,
        "p50": 1.0,
        "p95": 3.0
      },
      "CA_ZJ": {
        "mean": 1.808051086207976,
        "std": 0.9196863484954635,
        "p05": 1.0,
        "p50": 1.0,
        "p95": 3.0
      },
      "CA_FCG": {
        "mean": 1.662293545742064,
        "std": 0.8948588117245556,
        "p05": 1.0,
        "p50": 1.0,
        "p95": 3.0
      },
      "RU_ZJ": {
        "mean": 1.7967125779625779,
        "std": 0.9219743068386416,
        "p05": 1.0,
        "p50": 1.0,
        "p95": 3.0
      },
      "RU_MZL": {
        "mean": 1.5758630693356541,
        "std": 0.8655288737853168,
        "p05": 1.0,
        "p50": 1.0,
        "p95": 3.0
      },